Workbook

Sheet dinamica
C2: INGRESO | D2: 0.33333333
C3: SALIDA | D3: 0.70833333 | E3: PROYECTADO
B4: DIA | C4: RECORRIDO | D4: JORNADA | E4: PARADERO1 | F4: PARADERO2 | G4: HORARIO-P1 | H4: HORARIO-P2 | I4: TIEMPO APROXIMADO DE RECORRIDO Y RETORNO (mts)
C5: R1 | D5: MAÑANA | E5: ESTACIÓN TMS | F5: KOA | G5: 0.27083333 | H5: =+G5+I5/2 -> 0.28125 | I5: =+G6-G5 -> 0.020833333
C6: R2 | D6: MAÑANA | E6: ESTACIÓN TMS | F6: KOA | G6: 0.29166667 | H6: =+G6+I6/2 -> 0.30729167 | I6: =+G7-G6 -> 0.03125
C7: R3 | D7: MAÑANA | E7: ESTACIÓN TMS | F7: KOA | G7: 0.32291667 | H7: =+G7+I7/2 -> 0.328125 | I7: =+D2-G7 -> 0.010416667
C8: R1 | D8: TARDE | E8: KOA | F8: ESTACIÓN TMS | G8: 0.71527778 | H8: =+G8+I8/2 -> 0.72743056 | I8: =+G9-G8 -> 0.024305556
C9: R2 | D9: TARDE | E9: KOA | F9: ESTACIÓN TMS | G9: 0.73958333 | H9: =+G9+I9/2 -> 0.75173611 | I9: =+G10-G9 -> 0.024305556
C10: R3 | D10: TARDE | E10: KOA | F10: ESTACIÓN TMS | G10: 0.76388889 | H10: =+G10+I10/1440 -> 0.77569444 | I10: 17
C13: INGRESO | D13: 0.33333333
C14: SALIDA | D14: 0.70833333 | E14: HABITUAL
B15: DIA | C15: RECORRIDO | D15: JORNADA | E15: PARADERO1 | F15: PARADERO2 | G15: HORARIO | H15: HORARIO-P2 | I15: TIEMPO APROXIMADO DE RECORRIDO Y RETORNO (mts)
C16: R1 | D16: MAÑANA | E16: ESTACIÓN TMS | F16: KOA | G16: 0.27083333 | H16: =+G16+I16/2 -> 0.28125 | I16: =+G17-G16 -> 0.020833333
C17: R2 | D17: MAÑANA | E17: ESTACIÓN TMS | F17: KOA | G17: 0.29166667 | H17: =+G17+I17/2 -> 0.30208333 | I17: =+G18-G17 -> 0.020833333
C18: R3 | D18: MAÑANA | E18: ESTACIÓN TMS | F18: KOA | G18: 0.3125 | H18: =+G18+I18/2 -> 0.32291667 | I18: =+D13-G18 -> 0.020833333
C19: R1 | D19: TARDE | E19: KOA | F19: ESTACIÓN TMS | G19: 0.71527778 | H19: =+G19+I19/2 -> 0.72743056 | I19: =+G20-G19 -> 0.024305556
C20: R2 | D20: TARDE | E20: KOA | F20: ESTACIÓN TMS | G20: 0.73958333 | H20: =+G20+I20/2 -> 0.75173611 | I20: =+G21-G20 -> 0.024305556
C21: R3 | D21: TARDE | E21: KOA | F21: ESTACIÓN TMS | G21: 0.76388889 | H21: =+G21+I21/1440 -> 0.77569444 | I21: 17

Sheet Hoja1
A1: RECORRIDO | B1: JORNADA | C1: ORIGEN | D1: DESTINO | E1: HORARIO
A2: R1 | B2: MAÑANA | C2: ESTACIÓN HEROES | D2: KOA | E2: 6:30:00 a. m.
A3: R2 | B3: MAÑANA | C3: ESTACIÓN HEROES | D3: KOA | E3: 7:00:00 a. m.
A4: R3 | B4: MAÑANA | C4: ESTACIÓN HEROES | D4: KOA | E4: 7:30:00 a. m.
A5: R1 | B5: TARDE | C5: KOA | D5: ESTACIÓN (Virrey, Héroes y Polo) | E5: 5:10:00 p. m.
A6: R2 | B6: TARDE | C6: KOA | D6: ESTACIÓN (Virrey, Héroes y Polo) | E6: 5:45:00 p. m.
A7: R3 | B7: TARDE | C7: KOA | D7: ESTACIÓN (Virrey, Héroes y Polo) | E7: 6:20:00 p. m.

Sheet fest
A1: 46023
A2: 46034
A3: 46104
A4: 46114
A5: 46115
A6: 46143
A7: 46160
A8: 46181
A9: 46188
A10: 46223
A11: 46241
A12: 46251
... A18: 46202

Sheet seguimiento_h_op
A1: Tipo de jornada | B1: DIA DEL SERVICIO | C1: RECORRIDO | D1: JORNADA | E1: PARADERO1 | F1: PARADERO2 | G1: HORARIO-P1-REAL DE INICIO | H1: HORARIO-P2 REAL | I1: TIEMPO APROXIMADO DE RECORRIDO Y RETORNO (mts) | J1: Hora de posición(vh)R1P1 | K1: Hora de inicio R1P1 | L1: tiempo de espera vehiculo | M1: Hora de llegada a KOA P2 | N1: Tiempo de trayecto ida -regreso | O1: Tiempo REAL con gabela de espera | P1: usuarios | Q1: PARADAS | R1: diaop
A2: JM | B2: 46111 | C2: R1 | D2: MAÑANA | E2: ESTACIÓN TMS | F2: KOA | G2: 0.27083333 | H2: =+G2+I2 -> 0.29166667 | I2: =+G3-G2 -> 0.020833333 | J2: 0.26458333 | K2: 0.27361111 | L2: =+K2-J2 -> 0.0090277778 | M2: 0.28819444 | N2: =+M2-K2 -> 0.014583333 | O2: =+L2+N2 -> 0.023611111 | P2: 3 | Q2: OXXOHEROES | R2: =IF(COUNTIF(fest!$A$1:$A$18,B2)>0,"FESTIVO", IF(OR(WEEKDAY(B2,2)=6,WEEKDAY(B2,2)=7),"NO HÁBIL","HÁBIL")) -> HÁBIL
A3: JM | B3: 46111 | C3: R2 | D3: MAÑANA | E3: ESTACIÓN TMS | F3: KOA | G3: 0.29166667 | H3: =+G3+I3 -> 0.3125 | I3: =+G4-G3 -> 0.020833333 | J3: 0.28819444 | K3: 0.29375 | L3: =+K3-J3 -> 0.0055555556 | M3: 0.30972222 | N3: =+M3-K3 -> 0.015972222 | O3: =+L3+N3 -> 0.021527778 | P3: 3 | Q3: OXXOHEROES | R3: =IF(COUNTIF(fest!$A$1:$A$18,B3)>0,"FESTIVO", IF(OR(WEEKDAY(B3,2)=6,WEEKDAY(B3,2)=7),"NO HÁBIL","HÁBIL")) -> HÁBIL
A4: JM | B4: 46111 | C4: R3 | D4: MAÑANA | E4: ESTACIÓN TMS | F4: KOA | G4: 0.3125 | H4: =+G4+I4 -> 0.71527778 | I4: =+G5-G4 -> 0.40277778 | J4: 0.30972222 | K4: 0.31527778 | L4: =+K4-J4 -> 0.0055555556 | M4: =+K4+N4 -> 0.33055556 | N4: =AVERAGE(N2:N3) -> 0.015277778 | O4: =+L4+N4 -> 0.020833333 | P4: 1 | Q4: OXXOHEROES | R4: =IF(COUNTIF(fest!$A$1:$A$18,B4)>0,"FESTIVO", IF(OR(WEEKDAY(B4,2)=6,WEEKDAY(B4,2)=7),"NO HÁBIL","HÁBIL")) -> HÁBIL
A5: JT | B5: 46111 | C5: R1 | D5: TARDE | E5: KOA | F5: ESTACIÓN TMS | G5: 0.71527778 | H5: =+G5+I5 -> 0.73958333 | I5: =+G6-G5 -> 0.024305556 | J5: 0.70902778 | K5: 0.71666667 | L5: =+K5-J5 -> 0.0076388889 | M5: 0.73402778 | N5: =+M5-K5 -> 0.017361111 | O5: =+L5+N5 -> 0.025 | P5: 5 | Q5: VIRREY Y POLO | R5: =IF(COUNTIF(fest!$A$1:$A$18,B5)>0,"FESTIVO", IF(OR(WEEKDAY(B5,2)=6,WEEKDAY(B5,2)=7),"NO HÁBIL","HÁBIL")) -> HÁBIL
A6: JT | B6: 46111 | C6: R2 | D6: TARDE | E6: KOA | F6: ESTACIÓN TMS | G6: 0.73958333 | H6: =+G6+I6 -> 0.76388889 | I6: =+G7-G6 -> 0.024305556 | J6: 0.73402778 | K6: 0.74722222 | L6: =+K6-J6 -> 0.013194444 | M6: 0.75694444 | N6: =+M6-K6 -> 0.0097222222 | O6: =+L6+N6 -> 0.022916667 | P6: 0 | Q6: NO SALIERON USUARIOS | R6: =IF(COUNTIF(fest!$A$1:$A$18,B6)>0,"FESTIVO", IF(OR(WEEKDAY(B6,2)=6,WEEKDAY(B6,2)=7),"NO HÁBIL","HÁBIL")) -> HÁBIL
A7: JT | B7: 46111 | C7: R3 | D7: TARDE | E7: KOA | F7: ESTACIÓN TMS | G7: 0.76388889 | H7: =+G7+I7 -> 0.27083333 | I7: =+G8-G7 -> -0.49305556 | J7: 0.75694444 | K7: 0.76597222 | L7: =+K7-J7 -> 0.0090277778 | M7: =+K7+N7 -> 0.77951389 | N7: =AVERAGE(N5:N6) -> 0.013541667 | O7: =+L7+N7 -> 0.022569444 | P7: 5 | Q7: VIRREY Y POLO | R7: =IF(COUNTIF(fest!$A$1:$A$18,B7)>0,"FESTIVO", IF(OR(WEEKDAY(B7,2)=6,WEEKDAY(B7,2)=7),"NO HÁBIL","HÁBIL")) -> HÁBIL
A8: JM | B8: 46112 | C8: R1 | D8: MAÑANA | E8: ESTACIÓN TMS | F8: KOA | G8: 0.27083333 | H8: =+G8+I8 -> 0.29166667 | I8: =+G9-G8 -> 0.020833333 | J8: 0.26388889 | K8: 0.27430556 | L8: =+K8-J8 -> 0.010416667 | M8: 0.28888889 | N8: =+M8-K8 -> 0.014583333 | O8: =+L8+N8 -> 0.025 | P8: 4 | Q8: OXXOHEROES | R8: =IF(COUNTIF(fest!$A$1:$A$18,B8)>0,"FESTIVO", IF(OR(WEEKDAY(B8,2)=6,WEEKDAY(B8,2)=7),"NO HÁBIL","HÁBIL")) -> HÁBIL
A9: JM | B9: 46112 | C9: R2 | D9: MAÑANA | E9: ESTACIÓN TMS | F9: KOA | G9: 0.29166667 | H9: =+G9+I9 -> 0.3125 | I9: =+G10-G9 -> 0.020833333 | J9: 0.28888889 | K9: 0.29375 | L9: =+K9-J9 -> 0.0048611111 | M9: 0.31041667 | N9: =+M9-K9 -> 0.016666667 | O9: =+L9+N9 -> 0.021527778 | P9: 3 | Q9: OXXOHEROES | R9: =IF(COUNTIF(fest!$A$1:$A$18,B9)>0,"FESTIVO", IF(OR(WEEKDAY(B9,2)=6,WEEKDAY(B9,2)=7),"NO HÁBIL","HÁBIL")) -> HÁBIL
A10: JM | B10: 46112 | C10: R3 | D10: MAÑANA | E10: ESTACIÓN TMS | F10: KOA | G10: 0.3125 | H10: =+G10+I10 -> 0.71527778 | I10: =+G11-G10 -> 0.40277778 | J10: 0.31041667 | K10: 0.31666667 | L10: =+K10-J10 -> 0.00625 | M10: =+K10+N10 -> 0.33229167 | N10: =AVERAGE(N8:N9) -> 0.015625 | O10: =+L10+N10 -> 0.021875 | P10: 1 | Q10: OXXOHEROES | R10: =IF(COUNTIF(fest!$A$1:$A$18,B10)>0,"FESTIVO", IF(OR(WEEKDAY(B10,2)=6,WEEKDAY(B10,2)=7),"NO HÁBIL","HÁBIL")) -> HÁBIL
A11: JT | B11: 46112 | C11: R1 | D11: TARDE | E11: KOA | F11: ESTACIÓN TMS | G11: 0.71527778 | H11: =+G11+I11 -> 0.73958333 | I11: =+G12-G11 -> 0.024305556 | J11: 0.70833333 | K11: 0.71666667 | L11: =+K11-J11 -> 0.0083333333 | M11: 0.73333333 | N11: =+M11-K11 -> 0.016666667 | O11: =+L11+N11 -> 0.025 | P11: 1 | Q11: VIRREY Y POLO | R11: =IF(COUNTIF(fest!$A$1:$A$18,B11)>0,"FESTIVO", IF(OR(WEEKDAY(B11,2)=6,WEEKDAY(B11,2)=7),"NO HÁBIL","HÁBIL")) -> HÁBIL
A12: JT | B12: 46112 | C12: R2 | D12: TARDE | E12: KOA | F12: ESTACIÓN TMS | G12: 0.73958333 | H12: =+G12+I12 -> 0.76388889 | I12: =+G13-G12 -> 0.024305556 | J12: 0.73333333 | K12: 0.74166667 | L12: =+K12-J12 -> 0.0083333333 | M12: 0.75902778 | N12: =+M12-K12 -> 0.017361111 | O12: =+L12+N12 -> 0.025694444 | P12: 1 | Q12: VIRREY Y POLO | R12: =IF(COUNTIF(fest!$A$1:$A$18,B12)>0,"FESTIVO", IF(OR(WEEKDAY(B12,2)=6,WEEKDAY(B12,2)=7),"NO HÁBIL","HÁBIL")) -> HÁBIL
A13: JT | B13: 46112 | C13: R3 | D13: TARDE | E13: KOA | F13: ESTACIÓN TMS | G13: 0.76388889 | H13: =+G13+I13 -> 0.27083333 | I13: =+G14-G13 -> -0.49305556 | J13: 0.75902778 | K13: 0.76597222 | L13: =+K13-J13 -> 0.0069444444 | M13: =+K13+N13 -> 0.78298611 | N13: =AVERAGE(N11:N12) -> 0.017013889 | O13: =+L13+N13 -> 0.023958333 | P13: 1 | Q13: VIRREY Y POLO | R13: =IF(COUNTIF(fest!$A$1:$A$18,B13)>0,"FESTIVO", IF(OR(WEEKDAY(B13,2)=6,WEEKDAY(B13,2)=7),"NO HÁBIL","HÁBIL")) -> HÁBIL
A14: JM | B14: 46113 | C14: R1 | D14: MAÑANA | E14: ESTACIÓN TMS | F14: KOA | G14: 0.27083333 | H14: =+G14+I14 -> 0.29166667 | I14: =+G15-G14 -> 0.020833333 | J14: 0.26388889 | K14: 0.27638889 | L14: =+K14-J14 -> 0.0125 | M14: 0.28680556 | N14: =+M14-K14 -> 0.010416667 | O14: =+L14+N14 -> 0.022916667 | P14: 0 | Q14: OXXOHEROES | R14: =IF(COUNTIF(fest!$A$1:$A$18,B14)>0,"FESTIVO", IF(OR(WEEKDAY(B14,2)=6,WEEKDAY(B14,2)=7),"NO HÁBIL","HÁBIL")) -> HÁBIL
A15: JM | B15: 46113 | C15: R2 | D15: MAÑANA | E15: ESTACIÓN TMS | F15: KOA | G15: 0.29166667 | H15: =+G15+I15 -> 0.3125 | I15: =+G16-G15 -> 0.020833333 | J15: 0.28680556 | K15: 0.29375 | L15: =+K15-J15 -> 0.0069444444 | M15: 0.30972222 | N15: =+M15-K15 -> 0.015972222 | O15: =+L15+N15 -> 0.022916667 | P15: 2 | Q15: OXXOHEROES | R15: =IF(COUNTIF(fest!$A$1:$A$18,B15)>0,"FESTIVO", IF(OR(WEEKDAY(B15,2)=6,WEEKDAY(B15,2)=7),"NO HÁBIL","HÁBIL")) -> HÁBIL
A16: JM | B16: 46113 | C16: R3 | D16: MAÑANA | E16: ESTACIÓN TMS | F16: KOA | G16: 0.3125 | H16: =+G16+I16 -> 0.71527778 | I16: =+G17-G16 -> 0.40277778 | J16: 0.30972222 | K16: 0.32013889 | L16: =+K16-J16 -> 0.010416667 | M16: =+K16+N16 -> 0.33333333 | N16: =AVERAGE(N14:N15) -> 0.013194444 | O16: =+L16+N16 -> 0.023611111 | P16: 0 | Q16: OXXOHEROES | R16: =IF(COUNTIF(fest!$A$1:$A$18,B16)>0,"FESTIVO", IF(OR(WEEKDAY(B16,2)=6,WEEKDAY(B16,2)=7),"NO HÁBIL","HÁBIL")) -> HÁBIL
A17: JT | B17: 46113 | C17: R1 | D17: TARDE | E17: KOA | F17: ESTACIÓN TMS | G17: 0.71527778 | H17: =+G17+I17 -> 0.73958333 | I17: =+G18-G17 -> 0.024305556 | J17: 0.71111111 | K17: 0.71736111 | L17: =+K17-J17 -> 0.00625 | M17: 0.73541667 | N17: =+M17-K17 -> 0.018055556 | O17: =+L17+N17 -> 0.024305556 | P17: 4 | Q17: VIRREY Y POLO | R17: =IF(COUNTIF(fest!$A$1:$A$18,B17)>0,"FESTIVO", IF(OR(WEEKDAY(B17,2)=6,WEEKDAY(B17,2)=7),"NO HÁBIL","HÁBIL")) -> HÁBIL
A18: JT | B18: 46113 | C18: R2 | D18: TARDE | E18: KOA | F18: ESTACIÓN TMS | G18: 0.73958333 | H18: =+G18+I18 -> 0.76388889 | I18: =+G19-G18 -> 0.024305556 | J18: 0.73541667 | K18: 0.74444444 | L18: =+K18-J18 -> 0.0090277778 | M18: 0.75972222 | N18: =+M18-K18 -> 0.015277778 | O18: =+L18+N18 -> 0.024305556 | P18: 0 | Q18: NO SALIERON USUARIOS | R18: =IF(COUNTIF(fest!$A$1:$A$18,B18)>0,"FESTIVO", IF(OR(WEEKDAY(B18,2)=6,WEEKDAY(B18,2)=7),"NO HÁBIL","HÁBIL")) -> HÁBIL
A19: JT | B19: 46113 | C19: R3 | D19: TARDE | E19: KOA | F19: ESTACIÓN TMS | G19: 0.76388889 | H19: =+G19+I19 -> 0.27083333 | I19: =+G20-G19 -> -0.49305556 | J19: 0.75972222 | K19: 0.76597222 | L19: =+K19-J19 -> 0.00625 | M19: =+K19+N19 -> 0.78263889 | N19: =AVERAGE(N17:N18) -> 0.016666667 | O19: =+L19+N19 -> 0.022916667 | P19: 0 | Q19: NO SALIERON USUARIOS | R19: =IF(COUNTIF(fest!$A$1:$A$18,B19)>0,"FESTIVO", IF(OR(WEEKDAY(B19,2)=6,WEEKDAY(B19,2)=7),"NO HÁBIL","HÁBIL")) -> HÁBIL
A20: JM | B20: 46118 | C20: R1 | D20: MAÑANA | E20: ESTACIÓN TMS | F20: KOA | G20: 0.27083333 | H20: =+G20+I20 -> 0.29166667 | I20: =+G21-G20 -> 0.020833333 | J20: 0.26388889 | K20: 0.27361111 | L20: =+K20-J20 -> 0.0097222222 | M20: 0.28888889 | N20: =+M20-K20 -> 0.015277778 | O20: =+L20+N20 -> 0.025 | P20: 5 | Q20: OXXOHEROES | R20: =IF(COUNTIF(fest!$A$1:$A$18,B20)>0,"FESTIVO", IF(OR(WEEKDAY(B20,2)=6,WEEKDAY(B20,2)=7),"NO HÁBIL","HÁBIL")) -> HÁBIL
A21: JM | B21: 46118 | C21: R2 | D21: MAÑANA | E21: ESTACIÓN TMS | F21: KOA | G21: 0.29166667 | H21: =+G21+I21 -> 0.3125 | I21: =+G22-G21 -> 0.020833333 | J21: 0.28888889 | K21: 0.29444444 | L21: =+K21-J21 -> 0.0055555556 | M21: 0.31666667 | N21: =+M21-K21 -> 0.022222222 | O21: =+L21+N21 -> 0.027777778 | P21: 2 | Q21: OXXOHEROES | R21: =IF(COUNTIF(fest!$A$1:$A$18,B21)>0,"FESTIVO", IF(OR(WEEKDAY(B21,2)=6,WEEKDAY(B21,2)=7),"NO HÁBIL","HÁBIL")) -> HÁBIL
A22: JM | B22: 46118 | C22: R3 | D22: MAÑANA | E22: ESTACIÓN TMS | F22: KOA | G22: 0.3125 | H22: =+G22+I22 -> 0.71527778 | I22: =+G23-G22 -> 0.40277778 | J22: 0.31666667 | K22: 0.325 | L22: =+K22-J22 -> 0.0083333333 | M22: =+K22+N22 -> 0.34375 | N22: =AVERAGE(N20:N21) -> 0.01875 | O22: =+L22+N22 -> 0.027083333 | P22: 1 | Q22: OXXOHEROES | R22: =IF(COUNTIF(fest!$A$1:$A$18,B22)>0,"FESTIVO", IF(OR(WEEKDAY(B22,2)=6,WEEKDAY(B22,2)=7),"NO HÁBIL","HÁBIL")) -> HÁBIL
A23: JT | B23: 46118 | C23: R1 | D23: TARDE | E23: KOA | F23: ESTACIÓN TMS | G23: 0.71527778 | H23: =+G23+I23 -> 0.73958333 | I23: =+G24-G23 -> 0.024305556 | J23: 0.70833333 | K23: 0.71666667 | L23: =+K23-J23 -> 0.0083333333 | M23: 0.73541667 | N23: =+M23-K23 -> 0.01875 | O23: =+L23+N23 -> 0.027083333 | P23: 9 | Q23: VIRREY Y POLO | R23: =IF(COUNTIF(fest!$A$1:$A$18,B23)>0,"FESTIVO", IF(OR(WEEKDAY(B23,2)=6,WEEKDAY(B23,2)=7),"NO HÁBIL","HÁBIL")) -> HÁBIL
A24: JT | B24: 46118 | C24: R2 | D24: TARDE | E24: KOA | F24: ESTACIÓN TMS | G24: 0.73958333 | H24: =+G24+I24 -> 0.76388889 | I24: =+G25-G24 -> 0.024305556 | J24: 0.73541667 | K24: 0.74236111 | L24: =+K24-J24 -> 0.0069444444 | M24: 0.76180556 | N24: =+M24-K24 -> 0.019444444 | O24: =+L24+N24 -> 0.026388889 | P24: 2 | Q24: VIRREY Y POLO | R24: =IF(COUNTIF(fest!$A$1:$A$18,B24)>0,"FESTIVO", IF(OR(WEEKDAY(B24,2)=6,WEEKDAY(B24,2)=7),"NO HÁBIL","HÁBIL")) -> HÁBIL
A25: JT | B25: 46118 | C25: R3 | D25: TARDE | E25: KOA | F25: ESTACIÓN TMS | G25: 0.76388889 | H25: =+G25+I25 -> 0.27083333 | I25: =+G26-G25 -> -0.49305556 | J25: 0.76180556 | K25: 0.76666667 | L25: =+K25-J25 -> 0.0048611111 | M25: =+K25+N25 -> 0.78576389 | N25: =AVERAGE(N23:N24) -> 0.019097222 | O25: =+L25+N25 -> 0.023958333 | P25: 4 | Q25: VIRREY Y POLO | R25: =IF(COUNTIF(fest!$A$1:$A$18,B25)>0,"FESTIVO", IF(OR(WEEKDAY(B25,2)=6,WEEKDAY(B25,2)=7),"NO HÁBIL","HÁBIL")) -> HÁBIL
A26: JM | B26: 46119 | C26: R1 | D26: MAÑANA | E26: ESTACIÓN TMS | F26: KOA | G26: 0.27083333 | H26: =+G26+I26 -> 0.29166667 | I26: =+G27-G26 -> 0.020833333 | J26: 0.26388889 | K26: 0.27291667 | L26: =+K26-J26 -> 0.0090277778 | M26: 0.28819444 | N26: =+M26-K26 -> 0.015277778 | O26: =+L26+N26 -> 0.024305556 | P26: 1 | Q26: OXXOHEROES | R26: =IF(COUNTIF(fest!$A$1:$A$18,B26)>0,"FESTIVO", IF(OR(WEEKDAY(B26,2)=6,WEEKDAY(B26,2)=7),"NO HÁBIL","HÁBIL")) -> HÁBIL
A27: JM | B27: 46119 | C27: R2 | D27: MAÑANA | E27: ESTACIÓN TMS | F27: KOA | G27: 0.29166667 | H27: =+G27+I27 -> 0.3125 | I27: =+G28-G27 -> 0.020833333 | J27: 0.28819444 | K27: 0.29375 | L27: =+K27-J27 -> 0.0055555556 | M27: 0.30972222 | N27: =+M27-K27 -> 0.015972222 | O27: =+L27+N27 -> 0.021527778 | P27: 6 | Q27: OXXOHEROES | R27: =IF(COUNTIF(fest!$A$1:$A$18,B27)>0,"FESTIVO", IF(OR(WEEKDAY(B27,2)=6,WEEKDAY(B27,2)=7),"NO HÁBIL","HÁBIL")) -> HÁBIL
A28: JM | B28: 46119 | C28: R3 | D28: MAÑANA | E28: ESTACIÓN TMS | F28: KOA | G28: 0.3125 | H28: =+G28+I28 -> 0.70902778 | I28: =+G29-G28 -> 0.39652778 | J28: 0.30972222 | K28: 0.31458333 | L28: =+K28-J28 -> 0.0048611111 | M28: =+K28+N28 -> 0.33020833 | N28: =AVERAGE(N26:N27) -> 0.015625 | O28: =+L28+N28 -> 0.020486111 | P28: 1 | Q28: OXXOHEROES | R28: =IF(COUNTIF(fest!$A$1:$A$18,B28)>0,"FESTIVO", IF(OR(WEEKDAY(B28,2)=6,WEEKDAY(B28,2)=7),"NO HÁBIL","HÁBIL")) -> HÁBIL
A29: JT | B29: 46119 | C29: R1 | D29: TARDE | E29: KOA | F29: ESTACIÓN TMS | G29: 0.70902778 | H29: =+G29+I29 -> 0.73958333 | I29: =+G30-G29 -> 0.030555556 | J29: 0.70902778 | K29: 0.71666667 | L29: =+K29-J29 -> 0.0076388889 | M29: 0.75694444 | N29: =+M29-K29 -> 0.040277778 | O29: =+L29+N29 -> 0.047916667 | P29: 7 | Q29: POLO | R29: =IF(COUNTIF(fest!$A$1:$A$18,B29)>0,"FESTIVO", IF(OR(WEEKDAY(B29,2)=6,WEEKDAY(B29,2)=7),"NO HÁBIL","HÁBIL")) -> HÁBIL
A30: JT | B30: 46119 | C30: R2 | D30: TARDE | E30: KOA | F30: ESTACIÓN TMS | G30: 0.73958333 | H30: =+G30+I30 -> 0.76388889 | I30: =+G31-G30 -> 0.024305556 | J30: 0 | K30: 0 | L30: =+K30-J30 -> 0 | M30: 0 | N30: =+M30-K30 -> 0 | O30: =+L30+N30 -> 0 | P30: 0 | Q30: NO SE ALCANZO A REALIZAR RECORRIDO-CONGESTIÓN VH. | R30: =IF(COUNTIF(fest!$A$1:$A$18,B30)>0,"FESTIVO", IF(OR(WEEKDAY(B30,2)=6,WEEKDAY(B30,2)=7),"NO HÁBIL","HÁBIL")) -> HÁBIL
A31: JT | B31: 46119 | C31: R3 | D31: TARDE | E31: KOA | F31: ESTACIÓN TMS | G31: 0.76388889 | H31: =+G31+I31 -> 0.27083333 | I31: =+G32-G31 -> -0.49305556 | J31: 0.75694444 | K31: 0.76666667 | L31: =+K31-J31 -> 0.0097222222 | M31: =+K31+N31 -> 0.78680556 | N31: =AVERAGE(N29:N30) -> 0.020138889 | O31: =+L31+N31 -> 0.029861111 | P31: 6 | Q31: POLO | R31: =IF(COUNTIF(fest!$A$1:$A$18,B31)>0,"FESTIVO", IF(OR(WEEKDAY(B31,2)=6,WEEKDAY(B31,2)=7),"NO HÁBIL","HÁBIL")) -> HÁBIL
A32: JM | B32: 46120 | C32: R1 | D32: MAÑANA | E32: ESTACIÓN TMS | F32: KOA | G32: 0.27083333 | H32: =+G32+I32 -> 0.29166667 | I32: =+G33-G32 -> 0.020833333 | J32: 0.26388889 | K32: 0.27569444 | L32: =+K32-J32 -> 0.011805556 | M32: 0.28958333 | N32: =+M32-K32 -> 0.013888889 | O32: =+L32+N32 -> 0.025694444 | P32: 0 | Q32: OXXOHEROES | R32: =IF(COUNTIF(fest!$A$1:$A$18,B32)>0,"FESTIVO", IF(OR(WEEKDAY(B32,2)=6,WEEKDAY(B32,2)=7),"NO HÁBIL","HÁBIL")) -> HÁBIL
A33: JM | B33: 46120 | C33: R2 | D33: MAÑANA | E33: ESTACIÓN TMS | F33: KOA | G33: 0.29166667 | H33: =+G33+I33 -> 0.3125 | I33: =+G34-G33 -> 0.020833333 | J33: 0.28958333 | K33: 0.29375 | L33: =+K33-J33 -> 0.0041666667 | M33: 0.31041667 | N33: =+M33-K33 -> 0.016666667 | O33: =+L33+N33 -> 0.020833333 | P33: 3 | Q33: OXXOHEROES | R33: =IF(COUNTIF(fest!$A$1:$A$18,B33)>0,"FESTIVO", IF(OR(WEEKDAY(B33,2)=6,WEEKDAY(B33,2)=7),"NO HÁBIL","HÁBIL")) -> HÁBIL
A34: JM | B34: 46120 | C34: R3 | D34: MAÑANA | E34: ESTACIÓN TMS | F34: KOA | G34: 0.3125 | H34: =+G34+I34 -> 0.71527778 | I34: =+G35-G34 -> 0.40277778 | J34: 0.31041667 | K34: 0.32569444 | L34: =+K34-J34 -> 0.015277778 | M34: =+K34+N34 -> 0.34097222 | N34: =AVERAGE(N32:N33) -> 0.015277778 | O34: =+L34+N34 -> 0.030555556 | P34: 0 | Q34: OXXOHEROES | R34: =IF(COUNTIF(fest!$A$1:$A$18,B34)>0,"FESTIVO", IF(OR(WEEKDAY(B34,2)=6,WEEKDAY(B34,2)=7),"NO HÁBIL","HÁBIL")) -> HÁBIL
A35: JT | B35: 46120 | C35: R1 | D35: TARDE | E35: KOA | F35: ESTACIÓN TMS | G35: 0.71527778 | H35: =+G35+I35 -> 0.73958333 | I35: =+G36-G35 -> 0.024305556 | J35: 0.70833333 | K35: 0.71736111 | L35: =+K35-J35 -> 0.0090277778 | M35: 0.74166667 | N35: =+M35-K35 -> 0.024305556 | O35: =+L35+N35 -> 0.033333333 | P35: 5 | Q35: VIRREY Y POLO | R35: =IF(COUNTIF(fest!$A$1:$A$18,B35)>0,"FESTIVO", IF(OR(WEEKDAY(B35,2)=6,WEEKDAY(B35,2)=7),"NO HÁBIL","HÁBIL")) -> HÁBIL
A36: JT | B36: 46120 | C36: R2 | D36: TARDE | E36: KOA | F36: ESTACIÓN TMS | G36: 0.73958333 | H36: =+G36+I36 -> 0.76388889 | I36: =+G37-G36 -> 0.024305556 | J36: 0.74166667 | K36: 0.74652778 | L36: =+K36-J36 -> 0.0048611111 | M36: 0.7625 | N36: =+M36-K36 -> 0.015972222 | O36: =+L36+N36 -> 0.020833333 | P36: 0 | Q36: NO SALIERON USUARIOS | R36: =IF(COUNTIF(fest!$A$1:$A$18,B36)>0,"FESTIVO", IF(OR(WEEKDAY(B36,2)=6,WEEKDAY(B36,2)=7),"NO HÁBIL","HÁBIL")) -> HÁBIL
A37: JT | B37: 46120 | C37: R3 | D37: TARDE | E37: KOA | F37: ESTACIÓN TMS | G37: 0.76388889 | H37: =+G37+I37 -> 0.27083333 | I37: =+G38-G37 -> -0.49305556 | J37: 0.7625 | K37: 0.76666667 | L37: =+K37-J37 -> 0.0041666667 | M37: 0.77638889 | N37: =AVERAGE(N35:N36) -> 0.020138889 | O37: =+L37+N37 -> 0.024305556 | P37: 5 | Q37: VIRREY Y POLO | R37: =IF(COUNTIF(fest!$A$1:$A$18,B37)>0,"FESTIVO", IF(OR(WEEKDAY(B37,2)=6,WEEKDAY(B37,2)=7),"NO HÁBIL","HÁBIL")) -> HÁBIL
A38: JM | B38: 46121 | C38: R1 | D38: MAÑANA | E38: ESTACIÓN TMS | F38: KOA | G38: 0.27083333 | H38: =+G38+I38 -> 0.29166667 | I38: =+G39-G38 -> 0.020833333 | J38: 0.26388889 | K38: 0.27291667 | L38: =+K38-J38 -> 0.0090277778 | M38: 0.28819444 | N38: =+M38-K38 -> 0.015277778 | O38: =+L38+N38 -> 0.024305556 | P38: 1 | Q38: OXXOHEROES | R38: =IF(COUNTIF(fest!$A$1:$A$18,B38)>0,"FESTIVO", IF(OR(WEEKDAY(B38,2)=6,WEEKDAY(B38,2)=7),"NO HÁBIL","HÁBIL")) -> HÁBIL
A39: JM | B39: 46121 | C39: R2 | D39: MAÑANA | E39: ESTACIÓN TMS | F39: KOA | G39: 0.29166667 | H39: =+G39+I39 -> 0.3125 | I39: =+G40-G39 -> 0.020833333 | J39: 0.28819444 | K39: 0.29375 | L39: =+K39-J39 -> 0.0055555556 | M39: 0.31388889 | N39: =+M39-K39 -> 0.020138889 | O39: =+L39+N39 -> 0.025694444 | P39: 4 | Q39: OXXOHEROES | R39: =IF(COUNTIF(fest!$A$1:$A$18,B39)>0,"FESTIVO", IF(OR(WEEKDAY(B39,2)=6,WEEKDAY(B39,2)=7),"NO HÁBIL","HÁBIL")) -> HÁBIL
A40: JM | B40: 46121 | C40: R3 | D40: MAÑANA | E40: ESTACIÓN TMS | F40: KOA | G40: 0.3125 | H40: =+G40+I40 -> 0.71527778 | I40: =+G41-G40 -> 0.40277778 | J40: 0.31388889 | K40: 0.31458333 | L40: =+K40-J40 -> 0.00069444444 | M40: =+K40+N40 -> 0.33229167 | N40: =AVERAGE(N38:N39) -> 0.017708333 | O40: =+L40+N40 -> 0.018402778 | P40: 1 | Q40: OXXOHEROES | R40: =IF(COUNTIF(fest!$A$1:$A$18,B40)>0,"FESTIVO", IF(OR(WEEKDAY(B40,2)=6,WEEKDAY(B40,2)=7),"NO HÁBIL","HÁBIL")) -> HÁBIL
A41: JT | B41: 46121 | C41: R1 | D41: TARDE | E41: KOA | F41: ESTACIÓN TMS | G41: 0.71527778 | H41: =+G41+I41 -> 0.73958333 | I41: =+G42-G41 -> 0.024305556 | J41: 0.70833333 | K41: 0.71805556 | L41: =+K41-J41 -> 0.0097222222 | M41: 0.74027778 | N41: =+M41-K41 -> 0.022222222 | O41: =+L41+N41 -> 0.031944444 | P41: 4 | Q41: VIRREY Y POLO | R41: =IF(COUNTIF(fest!$A$1:$A$18,B41)>0,"FESTIVO", IF(OR(WEEKDAY(B41,2)=6,WEEKDAY(B41,2)=7),"NO HÁBIL","HÁBIL")) -> HÁBIL
A42: JT | B42: 46121 | C42: R2 | D42: TARDE | E42: KOA | F42: ESTACIÓN TMS | G42: 0.73958333 | H42: =+G42+I42 -> 0.76388889 | I42: =+G43-G42 -> 0.024305556 | J42: 0.74027778 | K42: 0.74652778 | L42: =+K42-J42 -> 0.00625 | M42: 0.76041667 | N42: =+M42-K42 -> 0.013888889 | O42: =+L42+N42 -> 0.020138889 | P42: 0 | Q42: NO SALIERON USUARIOS | R42: =IF(COUNTIF(fest!$A$1:$A$18,B42)>0,"FESTIVO", IF(OR(WEEKDAY(B42,2)=6,WEEKDAY(B42,2)=7),"NO HÁBIL","HÁBIL")) -> HÁBIL
A43: JT | B43: 46121 | C43: R3 | D43: TARDE | E43: KOA | F43: ESTACIÓN TMS | G43: 0.76388889 | H43: =+G43+I43 -> 0.27083333 | I43: =+G44-G43 -> -0.49305556 | J43: 0.76041667 | K43: 0.78333333 | L43: =+K43-J43 -> 0.022916667 | M43: =+K43+N43 -> 0.80138889 | N43: =AVERAGE(N41:N42) -> 0.018055556 | O43: =+L43+N43 -> 0.040972222 | P43: 4 | Q43: VIRREY Y POLO | R43: =IF(COUNTIF(fest!$A$1:$A$18,B43)>0,"FESTIVO", IF(OR(WEEKDAY(B43,2)=6,WEEKDAY(B43,2)=7),"NO HÁBIL","HÁBIL")) -> HÁBIL
A44: JM | B44: 46122 | C44: R1 | D44: MAÑANA | E44: ESTACIÓN TMS | F44: KOA | G44: 0.27083333 | H44: =+G44+I44 -> 0.29166667 | I44: =+G45-G44 -> 0.020833333 | J44: 0.26388889 | K44: 0.27430556 | L44: =+K44-J44 -> 0.010416667 | M44: 0.28888889 | N44: =+M44-K44 -> 0.014583333 | O44: =+L44+N44 -> 0.025 | P44: 1 | Q44: OXXOHEROES | R44: =IF(COUNTIF(fest!$A$1:$A$18,B44)>0,"FESTIVO", IF(OR(WEEKDAY(B44,2)=6,WEEKDAY(B44,2)=7),"NO HÁBIL","HÁBIL")) -> HÁBIL
A45: JM | B45: 46122 | C45: R2 | D45: MAÑANA | E45: ESTACIÓN TMS | F45: KOA | G45: 0.29166667 | H45: =+G45+I45 -> 0.3125 | I45: =+G46-G45 -> 0.020833333 | J45: 0.28888889 | K45: 0.29375 | L45: =+K45-J45 -> 0.0048611111 | M45: 0.31041667 | N45: =+M45-K45 -> 0.016666667 | O45: =+L45+N45 -> 0.021527778 | P45: 2 | Q45: OXXOHEROES | R45: =IF(COUNTIF(fest!$A$1:$A$18,B45)>0,"FESTIVO", IF(OR(WEEKDAY(B45,2)=6,WEEKDAY(B45,2)=7),"NO HÁBIL","HÁBIL")) -> HÁBIL
A46: JM | B46: 46122 | C46: R3 | D46: MAÑANA | E46: ESTACIÓN TMS | F46: KOA | G46: 0.3125 | H46: =+G46+I46 -> 0.71527778 | I46: =+G47-G46 -> 0.40277778 | J46: 0.31041667 | K46: 0.31944444 | L46: =+K46-J46 -> 0.0090277778 | M46: =+K46+N46 -> 0.33506944 | N46: =AVERAGE(N44:N45) -> 0.015625 | O46: =+L46+N46 -> 0.024652778 | P46: 1 | Q46: OXXOHEROES | R46: =IF(COUNTIF(fest!$A$1:$A$18,B46)>0,"FESTIVO", IF(OR(WEEKDAY(B46,2)=6,WEEKDAY(B46,2)=7),"NO HÁBIL","HÁBIL")) -> HÁBIL
A47: JT | B47: 46122 | C47: R1 | D47: TARDE | E47: KOA | F47: ESTACIÓN TMS | G47: 0.71527778 | H47: =+G47+I47 -> 0.73958333 | I47: =+G48-G47 -> 0.024305556 | J47: 0.66736111 | K47: 0.67569444 | L47: =+K47-J47 -> 0.0083333333 | M47: 0.68194444 | N47: =+M47-K47 -> 0.00625 | O47: =+L47+N47 -> 0.014583333 | P47: 2 | Q47: VIRREY Y POLO | R47: =IF(COUNTIF(fest!$A$1:$A$18,B47)>0,"FESTIVO", IF(OR(WEEKDAY(B47,2)=6,WEEKDAY(B47,2)=7),"NO HÁBIL","HÁBIL")) -> HÁBIL
A48: JT | B48: 46122 | C48: R2 | D48: TARDE | E48: KOA | F48: ESTACIÓN TMS | G48: 0.73958333 | H48: =+G48+I48 -> 0.76388889 | I48: =+G49-G48 -> 0.024305556 | J48: 0.68194444 | K48: 0.69097222 | L48: =+K48-J48 -> 0.0090277778 | M48: 0.71666667 | N48: =+M48-K48 -> 0.025694444 | O48: =+L48+N48 -> 0.034722222 | P48: 0 | Q48: NO SALIERON USUARIOS | R48: =IF(COUNTIF(fest!$A$1:$A$18,B48)>0,"FESTIVO", IF(OR(WEEKDAY(B48,2)=6,WEEKDAY(B48,2)=7),"NO HÁBIL","HÁBIL")) -> HÁBIL
A49: JT | B49: 46122 | C49: R3 | D49: TARDE | E49: KOA | F49: ESTACIÓN TMS | G49: 0.76388889 | H49: =+G49+I49 -> 0.27083333 | I49: =+G50-G49 -> -0.49305556 | J49: 0.71666667 | K49: 0.72430556 | L49: =+K49-J49 -> 0.0076388889 | M49: =+K49+N49 -> 0.74027778 | N49: =AVERAGE(N47:N48) -> 0.015972222 | O49: =+L49+N49 -> 0.023611111 | P49: 7 | Q49: VIRREY Y POLO | R49: =IF(COUNTIF(fest!$A$1:$A$18,B49)>0,"FESTIVO", IF(OR(WEEKDAY(B49,2)=6,WEEKDAY(B49,2)=7),"NO HÁBIL","HÁBIL")) -> HÁBIL
A50: JM | B50: 46125 | C50: R1 | D50: MAÑANA | E50: ESTACIÓN TMS | F50: KOA | G50: 0.27083333 | H50: =+G50+I50 -> 0.29166667 | I50: =+G51-G50 -> 0.020833333 | J50: 0.26458333 | K50: 0.27291667 | L50: =+K50-J50 -> 0.0083333333 | M50: 0.2875 | N50: =+M50-K50 -> 0.014583333 | O50: =+L50+N50 -> 0.022916667 | P50: 6 | Q50: OXXOHEROES | R50: =IF(COUNTIF(fest!$A$1:$A$18,B50)>0,"FESTIVO", IF(OR(WEEKDAY(B50,2)=6,WEEKDAY(B50,2)=7),"NO HÁBIL","HÁBIL")) -> HÁBIL
A51: JM | B51: 46125 | C51: R2 | D51: MAÑANA | E51: ESTACIÓN TMS | F51: KOA | G51: 0.29166667 | H51: =+G51+I51 -> 0.3125 | I51: =+G52-G51 -> 0.020833333 | J51: 0.2875 | K51: 0.29375 | L51: =+K51-J51 -> 0.00625 | M51: 0.30902778 | N51: =+M51-K51 -> 0.015277778 | O51: =+L51+N51 -> 0.021527778 | P51: 2 | Q51: OXXOHEROES | R51: =IF(COUNTIF(fest!$A$1:$A$18,B51)>0,"FESTIVO", IF(OR(WEEKDAY(B51,2)=6,WEEKDAY(B51,2)=7),"NO HÁBIL","HÁBIL")) -> HÁBIL
A52: JM | B52: 46125 | C52: R3 | D52: MAÑANA | E52: ESTACIÓN TMS | F52: KOA | G52: 0.3125 | H52: =+G52+I52 -> 0.71527778 | I52: =+G53-G52 -> 0.40277778 | J52: 0.30902778 | K52: 0.31527778 | L52: =+K52-J52 -> 0.00625 | M52: =+K52+N52 -> 0.33020833 | N52: =AVERAGE(N50:N51) -> 0.014930556 | O52: =+L52+N52 -> 0.021180556 | P52: 1 | Q52: OXXOHEROES | R52: =IF(COUNTIF(fest!$A$1:$A$18,B52)>0,"FESTIVO", IF(OR(WEEKDAY(B52,2)=6,WEEKDAY(B52,2)=7),"NO HÁBIL","HÁBIL")) -> HÁBIL
A53: JT | B53: 46125 | C53: R1 | D53: TARDE | E53: KOA | F53: ESTACIÓN TMS | G53: 0.71527778 | H53: =+G53+I53 -> 0.73958333 | I53: =+G54-G53 -> 0.024305556 | J53: 0.71041667 | K53: 0.71736111 | L53: =+K53-J53 -> 0.0069444444 | M53: 0.74375 | N53: =+M53-K53 -> 0.026388889 | O53: =+L53+N53 -> 0.033333333 | P53: 6 | Q53: VIRREY Y POLO | R53: =IF(COUNTIF(fest!$A$1:$A$18,B53)>0,"FESTIVO", IF(OR(WEEKDAY(B53,2)=6,WEEKDAY(B53,2)=7),"NO HÁBIL","HÁBIL")) -> HÁBIL
A54: JT | B54: 46125 | C54: R2 | D54: TARDE | E54: KOA | F54: ESTACIÓN TMS | G54: 0.73958333 | H54: =+G54+I54 -> 0.76388889 | I54: =+G55-G54 -> 0.024305556 | J54: 0.74375 | K54: 0.74652778 | L54: =+K54-J54 -> 0.0027777778 | M54: 0.76388889 | N54: =+M54-K54 -> 0.017361111 | O54: =+L54+N54 -> 0.020138889 | P54: 2 | Q54: VIRREY Y POLO | R54: =IF(COUNTIF(fest!$A$1:$A$18,B54)>0,"FESTIVO", IF(OR(WEEKDAY(B54,2)=6,WEEKDAY(B54,2)=7),"NO HÁBIL","HÁBIL")) -> HÁBIL
A55: JT | B55: 46125 | C55: R3 | D55: TARDE | E55: KOA | F55: ESTACIÓN TMS | G55: 0.76388889 | H55: =+G55+I55 -> 0.27083333 | I55: =+G56-G55 -> -0.49305556 | J55: 0.76388889 | K55: 0.76736111 | L55: =+K55-J55 -> 0.0034722222 | M55: =+K55+N55 -> 0.78923611 | N55: =AVERAGE(N53:N54) -> 0.021875 | O55: =+L55+N55 -> 0.025347222 | P55: 5 | Q55: VIRREY Y POLO | R55: =IF(COUNTIF(fest!$A$1:$A$18,B55)>0,"FESTIVO", IF(OR(WEEKDAY(B55,2)=6,WEEKDAY(B55,2)=7),"NO HÁBIL","HÁBIL")) -> HÁBIL
A56: JM | B56: 46126 | C56: R1 | D56: MAÑANA | E56: ESTACIÓN TMS | F56: KOA | G56: 0.27083333 | H56: =+G56+I56 -> 0.29166667 | I56: =+G57-G56 -> 0.020833333 | J56: 0.26388889 | K56: 0.27291667 | L56: =+K56-J56 -> 0.0090277778 | M56: 0.28819444 | N56: =+M56-K56 -> 0.015277778 | O56: =+L56+N56 -> 0.024305556 | P56: 3 | Q56: OXXOHEROES | R56: =IF(COUNTIF(fest!$A$1:$A$18,B56)>0,"FESTIVO", IF(OR(WEEKDAY(B56,2)=6,WEEKDAY(B56,2)=7),"NO HÁBIL","HÁBIL")) -> HÁBIL
A57: JM | B57: 46126 | C57: R2 | D57: MAÑANA | E57: ESTACIÓN TMS | F57: KOA | G57: 0.29166667 | H57: =+G57+I57 -> 0.3125 | I57: =+G58-G57 -> 0.020833333 | J57: 0.28819444 | K57: 0.29652778 | L57: =+K57-J57 -> 0.0083333333 | M57: 0.31527778 | N57: =+M57-K57 -> 0.01875 | O57: =+L57+N57 -> 0.027083333 | P57: 4 | Q57: OXXOHEROES | R57: =IF(COUNTIF(fest!$A$1:$A$18,B57)>0,"FESTIVO", IF(OR(WEEKDAY(B57,2)=6,WEEKDAY(B57,2)=7),"NO HÁBIL","HÁBIL")) -> HÁBIL
A58: JM | B58: 46126 | C58: R3 | D58: MAÑANA | E58: ESTACIÓN TMS | F58: KOA | G58: 0.3125 | H58: =+G58+I58 -> 0.71527778 | I58: =+G59-G58 -> 0.40277778 | J58: 0.31527778 | K58: 0.31805556 | L58: =+K58-J58 -> 0.0027777778 | M58: =+K58+N58 -> 0.33506944 | N58: =AVERAGE(N56:N57) -> 0.017013889 | O58: =+L58+N58 -> 0.019791667 | P58: 2 | Q58: OXXOHEROES | R58: =IF(COUNTIF(fest!$A$1:$A$18,B58)>0,"FESTIVO", IF(OR(WEEKDAY(B58,2)=6,WEEKDAY(B58,2)=7),"NO HÁBIL","HÁBIL")) -> HÁBIL
A59: JT | B59: 46126 | C59: R1 | D59: TARDE | E59: KOA | F59: ESTACIÓN TMS | G59: 0.71527778 | H59: =+G59+I59 -> 0.73958333 | I59: =+G60-G59 -> 0.024305556 | J59: 0.70833333 | K59: 0.71805556 | L59: =+K59-J59 -> 0.0097222222 | M59: 0.75625 | N59: =+M59-K59 -> 0.038194444 | O59: =+L59+N59 -> 0.047916667 | P59: 6 | Q59: VIRREY Y POLO | R59: =IF(COUNTIF(fest!$A$1:$A$18,B59)>0,"FESTIVO", IF(OR(WEEKDAY(B59,2)=6,WEEKDAY(B59,2)=7),"NO HÁBIL","HÁBIL")) -> HÁBIL
A60: JT | B60: 46126 | C60: R2 | D60: TARDE | E60: KOA | F60: ESTACIÓN TMS | G60: 0.73958333 | H60: =+G60+I60 -> 0.76388889 | I60: =+G61-G60 -> 0.024305556 | J60: 0 | K60: 0 | L60: =+K60-J60 -> 0 | M60: 0 | N60: =+M60-K60 -> 0 | O60: =+L60+N60 -> 0 | P60: 0 | Q60: NO SE ALCANZO A REALIZAR RECORRIDO-CONGESTIÓN VH. | R60: =IF(COUNTIF(fest!$A$1:$A$18,B60)>0,"FESTIVO", IF(OR(WEEKDAY(B60,2)=6,WEEKDAY(B60,2)=7),"NO HÁBIL","HÁBIL")) -> HÁBIL
A61: JT | B61: 46126 | C61: R3 | D61: TARDE | E61: KOA | F61: ESTACIÓN TMS | G61: 0.76388889 | H61: =+G61+I61 -> 0.27083333 | I61: =+G62-G61 -> -0.49305556 | J61: 0.75 | K61: 0.76527778 | L61: =+K61-J61 -> 0.015277778 | M61: =+K61+N61 -> 0.784375 | N61: =AVERAGE(N59:N60) -> 0.019097222 | O61: =+L61+N61 -> 0.034375 | P61: 10 | Q61: VIRREY Y POLO | R61: =IF(COUNTIF(fest!$A$1:$A$18,B61)>0,"FESTIVO", IF(OR(WEEKDAY(B61,2)=6,WEEKDAY(B61,2)=7),"NO HÁBIL","HÁBIL")) -> HÁBIL
A62: JM | B62: 46127 | C62: R1 | D62: MAÑANA | E62: ESTACIÓN TMS | F62: KOA | G62: 0.27083333 | H62: =+G62+I62 -> 0.29166667 | I62: =+G63-G62 -> 0.020833333 | J62: 0.26319444 | K62: 0.27291667 | L62: =+K62-J62 -> 0.0097222222 | M62: 0.2875 | N62: =+M62-K62 -> 0.014583333 | O62: =+L62+N62 -> 0.024305556 | P62: 1 | Q62: OXXOHEROES | R62: =IF(COUNTIF(fest!$A$1:$A$18,B62)>0,"FESTIVO", IF(OR(WEEKDAY(B62,2)=6,WEEKDAY(B62,2)=7),"NO HÁBIL","HÁBIL")) -> HÁBIL
A63: JM | B63: 46127 | C63: R2 | D63: MAÑANA | E63: ESTACIÓN TMS | F63: KOA | G63: 0.29166667 | H63: =+G63+I63 -> 0.3125 | I63: =+G64-G63 -> 0.020833333 | J63: 0.2875 | K63: 0.29375 | L63: =+K63-J63 -> 0.00625 | M63: 0.31041667 | N63: =+M63-K63 -> 0.016666667 | O63: =+L63+N63 -> 0.022916667 | P63: 5 | Q63: OXXOHEROES | R63: =IF(COUNTIF(fest!$A$1:$A$18,B63)>0,"FESTIVO", IF(OR(WEEKDAY(B63,2)=6,WEEKDAY(B63,2)=7),"NO HÁBIL","HÁBIL")) -> HÁBIL
A64: JM | B64: 46127 | C64: R3 | D64: MAÑANA | E64: ESTACIÓN TMS | F64: KOA | G64: 0.3125 | H64: =+G64+I64 -> 0.71527778 | I64: =+G65-G64 -> 0.40277778 | J64: 0.31041667 | K64: 0.31527778 | L64: =+K64-J64 -> 0.0048611111 | M64: =+K64+N64 -> 0.33090278 | N64: =AVERAGE(N62:N63) -> 0.015625 | O64: =+L64+N64 -> 0.020486111 | P64: 4 | Q64: OXXOHEROES | R64: =IF(COUNTIF(fest!$A$1:$A$18,B64)>0,"FESTIVO", IF(OR(WEEKDAY(B64,2)=6,WEEKDAY(B64,2)=7),"NO HÁBIL","HÁBIL")) -> HÁBIL
A65: JT | B65: 46127 | C65: R1 | D65: TARDE | E65: KOA | F65: ESTACIÓN TMS | G65: 0.71527778 | H65: =+G65+I65 -> 0.73958333 | I65: =+G66-G65 -> 0.024305556 | J65: 0.70902778 | K65: 0.71736111 | L65: =+K65-J65 -> 0.0083333333 | M65: 0.75625 | N65: =+M65-K65 -> 0.038888889 | O65: =+L65+N65 -> 0.047222222 | P65: 3 | Q65: VIRREY Y POLO | R65: =IF(COUNTIF(fest!$A$1:$A$18,B65)>0,"FESTIVO", IF(OR(WEEKDAY(B65,2)=6,WEEKDAY(B65,2)=7),"NO HÁBIL","HÁBIL")) -> HÁBIL
A66: JT | B66: 46127 | C66: R2 | D66: TARDE | E66: KOA | F66: ESTACIÓN TMS | G66: 0.73958333 | H66: =+G66+I66 -> 0.76388889 | I66: =+G67-G66 -> 0.024305556 | J66: 0 | K66: 0 | L66: =+K66-J66 -> 0 | M66: 0 | N66: =+M66-K66 -> 0 | O66: =+L66+N66 -> 0 | P66: 0 | Q66: NO SE ALCANZO A REALIZAR RECORRIDO-CONGESTIÓN VH. | R66: =IF(COUNTIF(fest!$A$1:$A$18,B66)>0,"FESTIVO", IF(OR(WEEKDAY(B66,2)=6,WEEKDAY(B66,2)=7),"NO HÁBIL","HÁBIL")) -> HÁBIL
A67: JT | B67: 46127 | C67: R3 | D67: TARDE | E67: KOA | F67: ESTACIÓN TMS | G67: 0.76388889 | H67: =+G67+I67 -> 0.27083333 | I67: =+G68-G67 -> -0.49305556 | J67: 0.75625 | K67: 0.76597222 | L67: =+K67-J67 -> 0.0097222222 | M67: =+K67+N67 -> 0.78541667 | N67: =AVERAGE(N65:N66) -> 0.019444444 | O67: =+L67+N67 -> 0.029166667 | P67: 4 | Q67: VIRREY Y POLO | R67: =IF(COUNTIF(fest!$A$1:$A$18,B67)>0,"FESTIVO", IF(OR(WEEKDAY(B67,2)=6,WEEKDAY(B67,2)=7),"NO HÁBIL","HÁBIL")) -> HÁBIL
A68: JM | B68: 46128 | C68: R1 | D68: MAÑANA | E68: ESTACIÓN TMS | F68: KOA | G68: 0.27083333 | H68: =+G68+I68 -> 0.29166667 | I68: =+G69-G68 -> 0.020833333 | J68: 0.26388889 | K68: 0.27430556 | L68: =+K68-J68 -> 0.010416667 | M68: 0.28819444 | N68: =+M68-K68 -> 0.013888889 | O68: =+L68+N68 -> 0.024305556 | P68: 3 | Q68: OXXOHEROES | R68: =IF(COUNTIF(fest!$A$1:$A$18,B68)>0,"FESTIVO", IF(OR(WEEKDAY(B68,2)=6,WEEKDAY(B68,2)=7),"NO HÁBIL","HÁBIL")) -> HÁBIL
A69: JM | B69: 46128 | C69: R2 | D69: MAÑANA | E69: ESTACIÓN TMS | F69: KOA | G69: 0.29166667 | H69: =+G69+I69 -> 0.3125 | I69: =+G70-G69 -> 0.020833333 | J69: 0.28819444 | K69: 0.29583333 | L69: =+K69-J69 -> 0.0076388889 | M69: 0.31180556 | N69: =+M69-K69 -> 0.015972222 | O69: =+L69+N69 -> 0.023611111 | P69: 5 | Q69: OXXOHEROES | R69: =IF(COUNTIF(fest!$A$1:$A$18,B69)>0,"FESTIVO", IF(OR(WEEKDAY(B69,2)=6,WEEKDAY(B69,2)=7),"NO HÁBIL","HÁBIL")) -> HÁBIL
A70: JM | B70: 46128 | C70: R3 | D70: MAÑANA | E70: ESTACIÓN TMS | F70: KOA | G70: 0.3125 | H70: =+G70+I70 -> 0.71527778 | I70: =+G71-G70 -> 0.40277778 | J70: 0.31180556 | K70: 0.31666667 | L70: =+K70-J70 -> 0.0048611111 | M70: =+K70+N70 -> 0.33159722 | N70: =+M70-K70 -> 0.015972222 | O70: =+L70+N70 -> 0.019791667 | P70: 2 | Q70: OXXOHEROES | R70: =IF(COUNTIF(fest!$A$1:$A$18,B70)>0,"FESTIVO", IF(OR(WEEKDAY(B70,2)=6,WEEKDAY(B70,2)=7),"NO HÁBIL","HÁBIL")) -> HÁBIL
A71: JT | B71: 46128 | C71: R1 | D71: TARDE | E71: KOA | F71: ESTACIÓN TMS | G71: 0.71527778 | H71: =+G71+I71 -> 0.73958333 | I71: =+G72-G71 -> 0.024305556 | J71: 0.70902778 | K71: 0.71666667 | L71: =+K71-J71 -> 0.0076388889 | M71: 0.74305556 | N71: =+M71-K71 -> 0.026388889 | O71: =+L71+N71 -> 0.034027778 | P71: 10 | Q71: VIRREY Y POLO | R71: =IF(COUNTIF(fest!$A$1:$A$18,B71)>0,"FESTIVO", IF(OR(WEEKDAY(B71,2)=6,WEEKDAY(B71,2)=7),"NO HÁBIL","HÁBIL")) -> HÁBIL
A72: JT | B72: 46128 | C72: R2 | D72: TARDE | E72: KOA | F72: ESTACIÓN TMS | G72: 0.73958333 | H72: =+G72+I72 -> 0.76388889 | I72: =+G73-G72 -> 0.024305556 | J72: 0.74305556 | K72: 0.74791667 | L72: =+K72-J72 -> 0.0048611111 | M72: 0.76041667 | N72: =+M72-K72 -> 0.0125 | O72: =+L72+N72 -> 0.017361111 | P72: 0 | Q72: NO SALIERON USUARIOS | R72: =IF(COUNTIF(fest!$A$1:$A$18,B72)>0,"FESTIVO", IF(OR(WEEKDAY(B72,2)=6,WEEKDAY(B72,2)=7),"NO HÁBIL","HÁBIL")) -> HÁBIL
A73: JT | B73: 46128 | C73: R3 | D73: TARDE | E73: KOA | F73: ESTACIÓN TMS | G73: 0.76388889 | H73: =+G73+I73 -> 0.27083333 | I73: =+G74-G73 -> -0.49305556 | J73: 0.76041667 | K73: 0.76597222 | L73: =+K73-J73 -> 0.0055555556 | M73: =+K73+N73 -> 0.78541667 | N73: =AVERAGE(N71:N72) -> 0.019444444 | O73: =+L73+N73 -> 0.025 | P73: 4 | Q73: VIRREY Y POLO | R73: =IF(COUNTIF(fest!$A$1:$A$18,B73)>0,"FESTIVO", IF(OR(WEEKDAY(B73,2)=6,WEEKDAY(B73,2)=7),"NO HÁBIL","HÁBIL")) -> HÁBIL
A74: JM | B74: 46129 | C74: R1 | D74: MAÑANA | E74: ESTACIÓN TMS | F74: KOA | G74: 0.27083333 | H74: =+G74+I74 -> 0.29166667 | I74: =+G75-G74 -> 0.020833333 | J74: 0.26388889 | K74: 0.27777778 | L74: =+K74-J74 -> 0.013888889 | M74: 0.29097222 | N74: =+M74-K74 -> 0.013194444 | O74: =+L74+N74 -> 0.027083333 | P74: 0 | Q74: OXXOHEROES | R74: =IF(COUNTIF(fest!$A$1:$A$18,B74)>0,"FESTIVO", IF(OR(WEEKDAY(B74,2)=6,WEEKDAY(B74,2)=7),"NO HÁBIL","HÁBIL")) -> HÁBIL
A75: JM | B75: 46129 | C75: R2 | D75: MAÑANA | E75: ESTACIÓN TMS | F75: KOA | G75: 0.29166667 | H75: =+G75+I75 -> 0.3125 | I75: =+G76-G75 -> 0.020833333 | J75: 0.29097222 | K75: 0.29375 | L75: =+K75-J75 -> 0.0027777778 | M75: 0.30902778 | N75: =+M75-K75 -> 0.015277778 | O75: =+L75+N75 -> 0.018055556 | P75: 5 | Q75: OXXOHEROES | R75: =IF(COUNTIF(fest!$A$1:$A$18,B75)>0,"FESTIVO", IF(OR(WEEKDAY(B75,2)=6,WEEKDAY(B75,2)=7),"NO HÁBIL","HÁBIL")) -> HÁBIL
A76: JM | B76: 46129 | C76: R3 | D76: MAÑANA | E76: ESTACIÓN TMS | F76: KOA | G76: 0.3125 | H76: =+G76+I76 -> 0.71527778 | I76: =+G77-G76 -> 0.40277778 | J76: 0.30902778 | K76: 0.32430556 | L76: =+K76-J76 -> 0.015277778 | M76: =+K76+N76 -> 0.33854167 | N76: =AVERAGE(N74:N75) -> 0.014236111 | O76: =+L76+N76 -> 0.029513889 | P76: 0 | Q76: OXXOHEROES | R76: =IF(COUNTIF(fest!$A$1:$A$18,B76)>0,"FESTIVO", IF(OR(WEEKDAY(B76,2)=6,WEEKDAY(B76,2)=7),"NO HÁBIL","HÁBIL")) -> HÁBIL
A77: JT | B77: 46129 | C77: R1 | D77: TARDE | E77: KOA | F77: ESTACIÓN TMS | G77: 0.71527778 | H77: =+G77+I77 -> 0.73958333 | I77: =+G78-G77 -> 0.024305556 | J77: 0.66666667 | K77: 0.67638889 | L77: =+K77-J77 -> 0.0097222222 | M77: 0.68958333 | N77: =+M77-K77 -> 0.013194444 | O77: =+L77+N77 -> 0.022916667 | P77: 0 | Q77: NO SALIERON USUARIOS | R77: =IF(COUNTIF(fest!$A$1:$A$18,B77)>0,"FESTIVO", IF(OR(WEEKDAY(B77,2)=6,WEEKDAY(B77,2)=7),"NO HÁBIL","HÁBIL")) -> HÁBIL
A78: JT | B78: 46129 | C78: R2 | D78: TARDE | E78: KOA | F78: ESTACIÓN TMS | G78: 0.73958333 | H78: =+G78+I78 -> 0.76388889 | I78: =+G79-G78 -> 0.024305556 | J78: 0.68958333 | K78: 0.70486111 | L78: =+K78-J78 -> 0.015277778 | M78: 0.71805556 | N78: =+M78-K78 -> 0.013194444 | O78: =+L78+N78 -> 0.028472222 | P78: 0 | Q78: NO SALIERON USUARIOS | R78: =IF(COUNTIF(fest!$A$1:$A$18,B78)>0,"FESTIVO", IF(OR(WEEKDAY(B78,2)=6,WEEKDAY(B78,2)=7),"NO HÁBIL","HÁBIL")) -> HÁBIL
A79: JT | B79: 46129 | C79: R3 | D79: TARDE | E79: KOA | F79: ESTACIÓN TMS | G79: 0.76388889 | H79: =+G79+I79 -> 0.27083333 | I79: =+G80-G79 -> -0.49305556 | J79: 0.71805556 | K79: 0.725 | L79: =+K79-J79 -> 0.0069444444 | M79: =+K79+N79 -> 0.73819444 | N79: =AVERAGE(N77:N78) -> 0.013194444 | O79: =+L79+N79 -> 0.020138889 | P79: 11 | Q79: VIRREY Y POLO | R79: =IF(COUNTIF(fest!$A$1:$A$18,B79)>0,"FESTIVO", IF(OR(WEEKDAY(B79,2)=6,WEEKDAY(B79,2)=7),"NO HÁBIL","HÁBIL")) -> HÁBIL
A80: JM | B80: 46132 | C80: R1 | D80: MAÑANA | E80: ESTACIÓN TMS | F80: KOA | G80: 0.27083333 | H80: =+G80+I80 -> 0.29166667 | I80: =+G81-G80 -> 0.020833333 | J80: 0.26388889 | K80: 0.275 | L80: =+K80-J80 -> 0.011111111 | M80: 0.28819444 | N80: =+M80-K80 -> 0.013194444 | O80: =+L80+N80 -> 0.024305556 | P80: 2 | Q80: OXXOHEROES | R80: =IF(COUNTIF(fest!$A$1:$A$18,B80)>0,"FESTIVO", IF(OR(WEEKDAY(B80,2)=6,WEEKDAY(B80,2)=7),"NO HÁBIL","HÁBIL")) -> HÁBIL
A81: JM | B81: 46132 | C81: R2 | D81: MAÑANA | E81: ESTACIÓN TMS | F81: KOA | G81: 0.29166667 | H81: =+G81+I81 -> 0.3125 | I81: =+G82-G81 -> 0.020833333 | J81: 0.28819444 | K81: 0.29444444 | L81: =+K81-J81 -> 0.00625 | M81: 0.30972222 | N81: =+M81-K81 -> 0.015277778 | O81: =+L81+N81 -> 0.021527778 | P81: 2 | Q81: OXXOHEROES | R81: =IF(COUNTIF(fest!$A$1:$A$18,B81)>0,"FESTIVO", IF(OR(WEEKDAY(B81,2)=6,WEEKDAY(B81,2)=7),"NO HÁBIL","HÁBIL")) -> HÁBIL
A82: JM | B82: 46132 | C82: R3 | D82: MAÑANA | E82: ESTACIÓN TMS | F82: KOA | G82: 0.3125 | H82: =+G82+I82 -> 0.71527778 | I82: =+G83-G82 -> 0.40277778 | J82: 0.30972222 | K82: 0.32152778 | L82: =+K82-J82 -> 0.011805556 | M82: =+K82+N82 -> 0.33576389 | N82: =AVERAGE(N80:N81) -> 0.014236111 | O82: =+L82+N82 -> 0.026041667 | P82: 0 | Q82: OXXOHEROES | R82: =IF(COUNTIF(fest!$A$1:$A$18,B82)>0,"FESTIVO", IF(OR(WEEKDAY(B82,2)=6,WEEKDAY(B82,2)=7),"NO HÁBIL","HÁBIL")) -> HÁBIL
A83: JT | B83: 46132 | C83: R1 | D83: TARDE | E83: KOA | F83: ESTACIÓN TMS | G83: 0.71527778 | H83: =+G83+I83 -> 0.73958333 | I83: =+G84-G83 -> 0.024305556 | J83: 0.70833333 | K83: 0.71736111 | L83: =+K83-J83 -> 0.0090277778 | M83: 0.73611111 | N83: =+M83-K83 -> 0.01875 | O83: =+L83+N83 -> 0.027777778 | P83: 9 | Q83: VIRREY Y POLO | R83: =IF(COUNTIF(fest!$A$1:$A$18,B83)>0,"FESTIVO", IF(OR(WEEKDAY(B83,2)=6,WEEKDAY(B83,2)=7),"NO HÁBIL","HÁBIL")) -> HÁBIL
A84: JT | B84: 46132 | C84: R2 | D84: TARDE | E84: KOA | F84: ESTACIÓN TMS | G84: 0.73958333 | H84: =+G84+I84 -> 0.76388889 | I84: =+G85-G84 -> 0.024305556 | J84: 0.73611111 | K84: 0.74513889 | L84: =+K84-J84 -> 0.0090277778 | M84: 0.76041667 | N84: =+M84-K84 -> 0.015277778 | O84: =+L84+N84 -> 0.024305556 | P84: 0 | Q84: NO SALIERON USUARIOS | R84: =IF(COUNTIF(fest!$A$1:$A$18,B84)>0,"FESTIVO", IF(OR(WEEKDAY(B84,2)=6,WEEKDAY(B84,2)=7),"NO HÁBIL","HÁBIL")) -> HÁBIL
A85: JT | B85: 46132 | C85: R3 | D85: TARDE | E85: KOA | F85: ESTACIÓN TMS | G85: 0.76388889 | H85: =+G85+I85 -> 0.27083333 | I85: =+G86-G85 -> -0.49305556 | J85: 0.76041667 | K85: 0.76666667 | L85: =+K85-J85 -> 0.00625 | M85: =+K85+N85 -> 0.78368056 | N85: =AVERAGE(N83:N84) -> 0.017013889 | O85: =+L85+N85 -> 0.023263889 | P85: 4 | Q85: VIRREY Y POLO | R85: =IF(COUNTIF(fest!$A$1:$A$18,B85)>0,"FESTIVO", IF(OR(WEEKDAY(B85,2)=6,WEEKDAY(B85,2)=7),"NO HÁBIL","HÁBIL")) -> HÁBIL
A86: JM | B86: 46133 | C86: R1 | D86: MAÑANA | E86: ESTACIÓN TMS | F86: KOA | G86: 0.27083333 | H86: =+G86+I86 -> 0.29166667 | I86: =+G87-G86 -> 0.020833333 | J86: 0.26388889 | K86: 0.27291667 | L86: =+K86-J86 -> 0.0090277778 | M86: 0.28888889 | N86: =+M86-K86 -> 0.015972222 | O86: =+L86+N86 -> 0.025 | P86: 5 | Q86: OXXOHEROES | R86: =IF(COUNTIF(fest!$A$1:$A$18,B86)>0,"FESTIVO", IF(OR(WEEKDAY(B86,2)=6,WEEKDAY(B86,2)=7),"NO HÁBIL","HÁBIL")) -> HÁBIL
A87: JM | B87: 46133 | C87: R2 | D87: MAÑANA | E87: ESTACIÓN TMS | F87: KOA | G87: 0.29166667 | H87: =+G87+I87 -> 0.3125 | I87: =+G88-G87 -> 0.020833333 | J87: 0.28888889 | K87: 0.29513889 | L87: =+K87-J87 -> 0.00625 | M87: 0.31041667 | N87: =+M87-K87 -> 0.015277778 | O87: =+L87+N87 -> 0.021527778 | P87: 4 | Q87: OXXOHEROES | R87: =IF(COUNTIF(fest!$A$1:$A$18,B87)>0,"FESTIVO", IF(OR(WEEKDAY(B87,2)=6,WEEKDAY(B87,2)=7),"NO HÁBIL","HÁBIL")) -> HÁBIL
A88: JM | B88: 46133 | C88: R3 | D88: MAÑANA | E88: ESTACIÓN TMS | F88: KOA | G88: 0.3125 | H88: =+G88+I88 -> 0.71527778 | I88: =+G89-G88 -> 0.40277778 | J88: 0.31041667 | K88: 0.31458333 | L88: =+K88-J88 -> 0.0041666667 | M88: =+K88+N88 -> 0.33020833 | N88: =AVERAGE(N86:N87) -> 0.015625 | O88: =+L88+N88 -> 0.019791667 | P88: 2 | Q88: OXXOHEROES | R88: =IF(COUNTIF(fest!$A$1:$A$18,B88)>0,"FESTIVO", IF(OR(WEEKDAY(B88,2)=6,WEEKDAY(B88,2)=7),"NO HÁBIL","HÁBIL")) -> HÁBIL
A89: JT | B89: 46133 | C89: R1 | D89: TARDE | E89: KOA | F89: ESTACIÓN TMS | G89: 0.71527778 | H89: =+G89+I89 -> 0.73958333 | I89: =+G90-G89 -> 0.024305556 | J89: 0.70833333 | K89: 0.71736111 | L89: =+K89-J89 -> 0.0090277778 | M89: 0.75 | N89: =+M89-K89 -> 0.032638889 | O89: =+L89+N89 -> 0.041666667 | P89: 4 | Q89: VIRREY Y POLO | R89: =IF(COUNTIF(fest!$A$1:$A$18,B89)>0,"FESTIVO", IF(OR(WEEKDAY(B89,2)=6,WEEKDAY(B89,2)=7),"NO HÁBIL","HÁBIL")) -> HÁBIL
A90: JT | B90: 46133 | C90: R2 | D90: TARDE | E90: KOA | F90: ESTACIÓN TMS | G90: 0.73958333 | H90: =+G90+I90 -> 0.76388889 | I90: =+G91-G90 -> 0.024305556 | J90: 0.75 | K90: 0.76597222 | L90: =+K90-J90 -> 0.015972222 | M90: 0.77847222 | N90: =+M90-K90 -> 0.0125 | O90: =+L90+N90 -> 0.028472222 | P90: 4 | Q90: VIRREY Y POLO | R90: =IF(COUNTIF(fest!$A$1:$A$18,B90)>0,"FESTIVO", IF(OR(WEEKDAY(B90,2)=6,WEEKDAY(B90,2)=7),"NO HÁBIL","HÁBIL")) -> HÁBIL
A91: JT | B91: 46133 | C91: R3 | D91: TARDE | E91: KOA | F91: ESTACIÓN TMS | G91: 0.76388889 | H91: =+G91+I91 -> 0.27083333 | I91: =+G92-G91 -> -0.49305556 | J91: 0 | K91: 0 | L91: =+K91-J91 -> 0 | M91: 0 | N91: =+M91-K91 -> 0 | O91: =+L91+N91 -> 0 | P91: 0 | Q91: NO SE ALCANZO A REALIZAR RECORRIDO-CONGESTIÓN VH. | R91: =IF(COUNTIF(fest!$A$1:$A$18,B91)>0,"FESTIVO", IF(OR(WEEKDAY(B91,2)=6,WEEKDAY(B91,2)=7),"NO HÁBIL","HÁBIL")) -> HÁBIL
A92: JM | B92: 46134 | C92: R1 | D92: MAÑANA | E92: ESTACIÓN TMS | F92: KOA | G92: 0.27083333 | H92: =+G92+I92 -> 0.29166667 | I92: =+G93-G92 -> 0.020833333 | J92: 0.26395903 | K92: 0.27361111 | L92: =+K92-J92 -> 0.0096520833 | M92: 0.28819444 | N92: =+M92-K92 -> 0.014583333 | O92: =+L92+N92 -> 0.024235417 | P92: 4 | Q92: OXXOHEROES | R92: =IF(COUNTIF(fest!$A$1:$A$18,B92)>0,"FESTIVO", IF(OR(WEEKDAY(B92,2)=6,WEEKDAY(B92,2)=7),"NO HÁBIL","HÁBIL")) -> HÁBIL
A93: JM | B93: 46134 | C93: R2 | D93: MAÑANA | E93: ESTACIÓN TMS | F93: KOA | G93: 0.29166667 | H93: =+G93+I93 -> 0.3125 | I93: =+G94-G93 -> 0.020833333 | J93: 0.28819444 | K93: 0.29375 | L93: =+K93-J93 -> 0.0055555556 | M93: 0.31111111 | N93: =+M93-K93 -> 0.017361111 | O93: =+L93+N93 -> 0.022916667 | P93: 3 | Q93: OXXOHEROES | R93: =IF(COUNTIF(fest!$A$1:$A$18,B93)>0,"FESTIVO", IF(OR(WEEKDAY(B93,2)=6,WEEKDAY(B93,2)=7),"NO HÁBIL","HÁBIL")) -> HÁBIL
A94: JM | B94: 46134 | C94: R3 | D94: MAÑANA | E94: ESTACIÓN TMS | F94: KOA | G94: 0.3125 | H94: =+G94+I94 -> 0.71527778 | I94: =+G95-G94 -> 0.40277778 | J94: 0.31111111 | K94: 0.32291667 | L94: =+K94-J94 -> 0.011805556 | M94: 0 | N94: =AVERAGE(N92:N93) -> 0.015972222 | O94: =+L94+N94 -> 0.027777778 | P94: 0 | Q94: OXXOHEROES | R94: =IF(COUNTIF(fest!$A$1:$A$18,B94)>0,"FESTIVO", IF(OR(WEEKDAY(B94,2)=6,WEEKDAY(B94,2)=7),"NO HÁBIL","HÁBIL")) -> HÁBIL
A95: JT | B95: 46134 | C95: R1 | D95: TARDE | E95: KOA | F95: ESTACIÓN TMS | G95: 0.71527778 | H95: =+G95+I95 -> 0.73958333 | I95: =+G96-G95 -> 0.024305556 | J95: 0.70833333 | K95: 0.71805556 | L95: =+K95-J95 -> 0.0097222222 | M95: 0.75208333 | N95: =+M95-K95 -> 0.034027778 | O95: =+L95+N95 -> 0.04375 | P95: 5 | Q95: VIRREY Y POLO | R95: =IF(COUNTIF(fest!$A$1:$A$18,B95)>0,"FESTIVO", IF(OR(WEEKDAY(B95,2)=6,WEEKDAY(B95,2)=7),"NO HÁBIL","HÁBIL")) -> HÁBIL
A96: JT | B96: 46134 | C96: R2 | D96: TARDE | E96: KOA | F96: ESTACIÓN TMS | G96: 0.73958333 | H96: =+G96+I96 -> 0.76388889 | I96: =+G97-G96 -> 0.024305556 | J96: 0.75208333 | K96: 0.76666667 | L96: =+K96-J96 -> 0.014583333 | M96: 0.77986111 | N96: =+M96-K96 -> 0.013194444 | O96: =+L96+N96 -> 0.027777778 | P96: 3 | Q96: VIRREY Y POLO | R96: =IF(COUNTIF(fest!$A$1:$A$18,B96)>0,"FESTIVO", IF(OR(WEEKDAY(B96,2)=6,WEEKDAY(B96,2)=7),"NO HÁBIL","HÁBIL")) -> HÁBIL
A97: JT | B97: 46134 | C97: R3 | D97: TARDE | E97: KOA | F97: ESTACIÓN TMS | G97: 0.76388889 | H97: =+G97+I97 -> 0.27083333 | I97: =+G98-G97 -> -0.49305556 | J97: 0 | K97: 0 | L97: =+K97-J97 -> 0 | M97: 0 | N97: =+M97-K97 -> 0 | O97: =+L97+N97 -> 0 | P97: 0 | Q97: NO SE ALCANZO A REALIZAR RECORRIDO-CONGESTIÓN VH. | R97: =IF(COUNTIF(fest!$A$1:$A$18,B97)>0,"FESTIVO", IF(OR(WEEKDAY(B97,2)=6,WEEKDAY(B97,2)=7),"NO HÁBIL","HÁBIL")) -> HÁBIL
A98: JM | B98: 46135 | C98: R1 | D98: MAÑANA | E98: ESTACIÓN TMS | F98: KOA | G98: 0.27083333 | H98: =+G98+I98 -> 0.29166667 | I98: =+G99-G98 -> 0.020833333 | J98: 0.26388889 | K98: 0.27291667 | L98: =+K98-J98 -> 0.0090277778 | M98: 0.2875 | N98: =+M98-K98 -> 0.014583333 | O98: =+L98+N98 -> 0.023611111 | P98: 1 | Q98: OXXOHEROES | R98: =IF(COUNTIF(fest!$A$1:$A$18,B98)>0,"FESTIVO", IF(OR(WEEKDAY(B98,2)=6,WEEKDAY(B98,2)=7),"NO HÁBIL","HÁBIL")) -> HÁBIL
A99: JM | B99: 46135 | C99: R2 | D99: MAÑANA | E99: ESTACIÓN TMS | F99: KOA | G99: 0.29166667 | H99: =+G99+I99 -> 0.3125 | I99: =+G100-G99 -> 0.020833333 | J99: 0.2875 | K99: 0.29375 | L99: =+K99-J99 -> 0.00625 | M99: 0.31111111 | N99: =+M99-K99 -> 0.017361111 | O99: =+L99+N99 -> 0.023611111 | P99: 3 | Q99: OXXOHEROES | R99: =IF(COUNTIF(fest!$A$1:$A$18,B99)>0,"FESTIVO", IF(OR(WEEKDAY(B99,2)=6,WEEKDAY(B99,2)=7),"NO HÁBIL","HÁBIL")) -> HÁBIL
A100: JM | B100: 46135 | C100: R3 | D100: MAÑANA | E100: ESTACIÓN TMS | F100: KOA | G100: 0.3125 | H100: =+G100+I100 -> 0.71527778 | I100: =+G101-G100 -> 0.40277778 | J100: 0.31111111 | K100: 0.31736111 | L100: =+K100-J100 -> 0.00625 | M100: =+K100+N100 -> 0.33333333 | N100: =AVERAGE(N98:N99) -> 0.015972222 | O100: =+L100+N100 -> 0.022222222 | P100: 1 | Q100: OXXOHEROES | R100: =IF(COUNTIF(fest!$A$1:$A$18,B100)>0,"FESTIVO", IF(OR(WEEKDAY(B100,2)=6,WEEKDAY(B100,2)=7),"NO HÁBIL","HÁBIL")) -> HÁBIL
...
